<PlusConfiguration version="2.1" PlusRevision="Plus-2.8.0.62873a16 - Win64" ServerAddress="172.31.1.148" MessageType="TDATA">
  <DataCollection StartupDelaySec="1">
    <DeviceSet Name="robot + image + saving" Description="robot + image + saving" />
    <Device
      Id="ROBOT"
      Type="OpenIGTLinkTracker"
      LocalTimeOffsetSec="0.124"
      ServerAddress="172.31.1.148"
      ServerPort="50000"
      MessageType="TDATA"
      ToolReferenceFrame="Base"
      IgtlMessageCrcCheckEnabled="true"
      AcquisitionRate="25"
      UseReceivedTimestamps="false"
      SendTimeoutSec="0.2"
      UseLastTransformsOnReceiveTimeout="true"
      ReconnectOnReceiveTimeout="true"
      ReceiveTimeoutSec="6.5">
      <DataSources>
        <DataSource Type="Tool" Id="Flange" BufferSize="150" />
      </DataSources>
      <OutputChannels>
        <OutputChannel Id="RobotStream">
          <DataSource Id="Flange" />
        </OutputChannel>
      </OutputChannels>
    </Device>
    <Device
      Id="VideoDevice"
      Type="ICCapturing"
      AcquisitionRate="25"
      LocalTimeOffsetSec="0.0"
      DeviceName="DFG/USB2pro"
      VideoNorm="PAL_B"
      VideoFormat="Y800"
      FrameSize="768 576"
      InputChannel="00 Video: Composite"
      ICBufferSize="50">
      <DataSources>
        <DataSource
          Type="Video"
          Id="Video"
          PortUsImageOrientation="MF"
          ClipRectangleOrigin="178 94 0"
          ClipRectangleSize="386 426 1"
          BufferSize="150" />
      </DataSources>
      <OutputChannels>
        <OutputChannel Id="VideoStream" VideoDataSourceId="Video" />
      </OutputChannels>
    </Device>
    <Device Id="VideoMixer" Type="VirtualMixer">
      <InputChannels>
        <InputChannel Id="RobotStream" />
        <InputChannel Id="VideoStream" />
      </InputChannels>
      <OutputChannels>
        <OutputChannel Id="TrackedVideoStream" />
      </OutputChannels>
    </Device>
    <Device
      Id="CaptureDevice"
      Type="VirtualCapture"
      BaseFilename="RecordingTest.igs.mha"
      EnableCapturingOnStart="FALSE"
      EnableCapturing="FALSE"
      EnableFileCompression="FALSE"
      EnableCaptureOnStart="FALSE"
      RequestedFrameRate="15">
      <InputChannels>
        <InputChannel Id="TrackedVideoStream" />
      </InputChannels>
    </Device>
  </DataCollection>
  <CoordinateDefinitions>
    <Transform From="Image" To="Flange"
      Matrix="
        1	0	0	0
        0	1	0	0
        0	0	1	0
        0	0	0	1" />
  </CoordinateDefinitions>
  <PlusOpenIGTLinkServer MaxNumberOfIgtlMessagesToSend="1" MaxTimeSpentWithProcessingMs="50" ListeningPort="18944" SendValidTransformsOnly="true" OutputChannelId="TrackedVideoStream">
    <DefaultClientInfo>
      <MessageTypes>
        <Message Type="IMAGE" />
      </MessageTypes>
      <ImageNames>
        <Image Name="Image" EmbeddedTransformToFrame="Base" />
      </ImageNames>
    </DefaultClientInfo>
  </PlusOpenIGTLinkServer>
  <fCal
    NumberOfCalibrationImagesToAcquire="200"
    NumberOfValidationImagesToAcquire="100"
    NumberOfStylusCalibrationPointsToAcquire="200"
    RecordingIntervalMs="100"
    MaxTimeSpentWithProcessingMs="70"
    ImageCoordinateFrame="Image"
    ProbeCoordinateFrame="Flange"
    ReferenceCoordinateFrame="Base"
    TransducerOriginCoordinateFrame="TransducerOrigin"
    TransducerOriginPixelCoordinateFrame="TransducerOriginPixel"
    TemporalCalibrationDurationSec="10"
    FixedChannelId="VideoStream"
    FixedSourceId="Video"
    MovingChannelId="RobotStream"
    MovingSourceId="FlangeToBase"
    DefaultSelectedChannelId="TrackedVideoStream"
    FreeHandStartupDelaySec="3" />
</PlusConfiguration>
