<PlusConfiguration version="2.1">
  <DataCollection StartupDelaySec="1.0" >
    <DeviceSet 
      Name="PlusServer: Replay fCal wire recording and broadcast"
      Description="Robot motion for spatial calibration." />
    <Device
      Id="TrackedVideoDevice"
      Type="SavedDataSource"
      SequenceFile="RecordingTest.igs_20240508_215732.mha"
      UseData="IMAGE_AND_TRANSFORM"
      UseOriginalTimestamps="TRUE"
      RepeatEnabled="TRUE" >
      <DataSources>
        <DataSource Type="Video" Id="Video" />
      </DataSources>
      <OutputChannels>
        <OutputChannel Id="TrackedVideoStream" VideoDataSourceId="Video" />
      </OutputChannels>
    </Device>
  </DataCollection>
  
    <CoordinateDefinitions>
    <Transform From="Image" To="Flange"
      Matrix="
        1 0 0 0 
		0 1 0 0
		0 0 1 0
        0	0	0	1"/>
  </CoordinateDefinitions>
  
 <PlusOpenIGTLinkServer 
	MaxNumberOfIgtlMessagesToSend="1" 
	MaxTimeSpentWithProcessingMs="50" 
	ListeningPort="18944" 
	SendValidTransformsOnly="true" 
	OutputChannelId="TrackedVideoStream" > 
	<DefaultClientInfo> 
		<MessageTypes> 
			<Message Type="IMAGE" />
		</MessageTypes>
		<ImageNames>
			<Image Name="Image" EmbeddedTransformToFrame="Base"/>
		</ImageNames>
	</DefaultClientInfo>
  </PlusOpenIGTLinkServer> 
</PlusConfiguration>